genre_pair,genre_a,genre_b,movie_count,rating_count,pair_avg,pair_median,pair_rating_std,single_a_avg,single_b_avg,gain_vs_best_single,gain_vs_single_mean
Crime + Drama,Crime,Drama,1677,1682632,3.7940426070584654,4.0,0.9517360230946743,3.6745276025631113,3.6742955093068264,0.11951500449535413,0.11963105112349659
Drama + Western,Drama,Western,154,171132,3.7836406984082465,4.0,0.9497304021663653,3.6742955093068264,3.5704980246109406,0.1093451891014201,0.16124393144936322
Documentary + War,Documentary,War,80,8162,3.9104998774810094,4.0,0.9140136344539036,3.7397176834178865,3.8095307347384844,0.100969142742525,0.13587566840282417
Crime + Horror,Crime,Horror,159,149668,3.761338429056311,4.0,1.0508718638457968,3.6745276025631113,3.2772238097518307,0.08681082649319993,0.2854627228988402
Fantasy + Musical,Fantasy,Musical,105,254972,3.6323870856407763,4.0,1.005221812572175,3.5059453358738244,3.558090628821412,0.07429645681936448,0.10036910329315818
Fantasy + Romance,Fantasy,Romance,240,483894,3.605593373755409,4.0,1.0099492057190962,3.5059453358738244,3.541802581902903,0.06379079185250625,0.0817194148670457
Crime + Mystery,Crime,Mystery,459,519620,3.731256495131057,4.0,0.9543162894837051,3.6745276025631113,3.663508921312903,0.05672889256794589,0.06223823319305
Drama + War,Drama,War,876,868317,3.8642506135432106,4.0,0.9501638267214483,3.6742955093068264,3.8095307347384844,0.054719878804726285,0.12233749152055529
Adventure + Fantasy,Adventure,Fantasy,508,1075058,3.556655547886719,4.0,1.0786563150387458,3.5018926565473865,3.5059453358738244,0.050710212012894385,0.052736551676113574
Mystery + Romance,Mystery,Romance,150,152517,3.6998137912495,4.0,0.9778443197673842,3.663508921312903,3.541802581902903,0.03630486993659687,0.09715803964159697
Film-Noir + Mystery,Film-Noir,Mystery,64,115242,4.000633449610385,4.0,0.8967073561418838,3.96538126070082,3.663508921312903,0.03525218890956516,0.18618835860352334
Animation + Comedy,Animation,Comedy,366,596598,3.652477044844267,4.0,0.9847434100364789,3.6174939235897994,3.4260113054324886,0.034983121254467786,0.1307244303331232
Adventure + Horror,Adventure,Horror,80,90580,3.5365919629057188,4.0,1.0676504674310567,3.5018926565473865,3.2772238097518307,0.034699306358332294,0.14703372975611018
Action + Western,Action,Western,127,159587,3.6041970837223585,4.0,1.0230405237740636,3.44386376493354,3.5704980246109406,0.033699059111417906,0.09701618895011821
Adventure + Musical,Adventure,Musical,79,222690,3.588501953388118,4.0,1.0074568717894905,3.5018926565473865,3.558090628821412,0.030411324566706366,0.05851031070371926
Adventure + Animation,Adventure,Animation,351,676118,3.6477952073454634,4.0,0.9884042680093685,3.5018926565473865,3.6174939235897994,0.030301283755663988,0.08810191727687045
Action + Animation,Action,Animation,198,110255,3.646233730896558,4.0,0.9767243956590351,3.44386376493354,3.6174939235897994,0.028739807306758625,0.11555488663488855
Animation + Fantasy,Animation,Fantasy,263,474591,3.6452545454928558,4.0,1.0081939627523675,3.6174939235897994,3.5059453358738244,0.027760621903056393,0.0835349157610441
Comedy + War,Comedy,War,117,226544,3.833131753654919,4.0,1.0145989866834422,3.4260113054324886,3.8095307347384844,0.023601018916434846,0.21536073356943275
Children + Musical,Children,Musical,137,455635,3.5779516498952013,4.0,1.0078990734087645,3.4081137685270444,3.558090628821412,0.01986102107378951,0.09484945122097344
Film-Noir + Thriller,Film-Noir,Thriller,120,139925,3.9767446846524925,4.0,0.8854999377852816,3.96538126070082,3.50711121809216,0.011363423951672669,0.24049844525600284
Adventure + Romance,Adventure,Romance,286,369825,3.551806935712837,4.0,1.026728850900806,3.5018926565473865,3.541802581902903,0.010004353809934141,0.029959316487692345
Mystery + Thriller,Mystery,Thriller,784,1117966,3.671861666633869,4.0,0.9945325225191114,3.663508921312903,3.50711121809216,0.008352745320965749,0.0865515969313373
Crime + Thriller,Crime,Thriller,1214,1826020,3.673519731437772,4.0,0.9896346223474153,3.6745276025631113,3.50711121809216,-0.001007871125339399,0.08270032111013625
Comedy + Musical,Comedy,Musical,481,416368,3.5562471179341353,4.0,1.0474692500764524,3.4260113054324886,3.558090628821412,-0.0018435108872765227,0.06419615080718533
Crime + Film-Noir,Crime,Film-Noir,173,149240,3.9610526668453496,4.0,0.8949595654656288,3.6745276025631113,3.96538126070082,-0.004328593855470242,0.14109823521338383
Animation + Drama,Animation,Drama,130,204505,3.668303953448571,4.0,0.9860351495815185,3.6174939235897994,3.6742955093068264,-0.005991555858255282,0.02240923700025821
Drama + Mystery,Drama,Mystery,716,683655,3.665614235250236,4.0,0.9737424246590786,3.6742955093068264,3.663508921312903,-0.008681274056590471,-0.0032879800596288256
Romance + War,Romance,War,182,231932,3.7982792370177467,4.0,1.0193025690068342,3.541802581902903,3.8095307347384844,-0.011251497720737635,0.12261257869705311
Animation + Children,Animation,Children,462,922619,3.6046363666909094,4.0,1.000842738937625,3.6174939235897994,3.4081137685270444,-0.01285755689889001,0.09183252063248748
Adventure + Drama,Adventure,Drama,670,859958,3.6612939236567366,4.0,1.0094405431563498,3.5018926565473865,3.6742955093068264,-0.013001585650089797,0.07319984072963015
Action + Sci-Fi,Action,Sci-Fi,633,1897051,3.426866752659786,3.5,1.0819098577274637,3.44386376493354,3.4367726714455005,-0.016997012273753942,-0.013451465529734197
Romance + Western,Romance,Western,109,54143,3.5477993461758675,4.0,0.9869423362759645,3.541802581902903,3.5704980246109406,-0.022698678435073116,-0.008350957081054045
Fantasy + IMAX,Fantasy,IMAX,50,139432,3.633061277181709,4.0,0.9697326255992297,3.5059453358738244,3.655945983272606,-0.02288470609089721,0.05211561760849337
Comedy + Drama,Comedy,Drama,2499,2047539,3.6513092058319767,4.0,0.9909669187893027,3.4260113054324886,3.6742955093068264,-0.022986303474849645,0.10115579846231926
Drama + Fantasy,Drama,Fantasy,391,485875,3.6505737072292255,4.0,1.0090529717019592,3.6742955093068264,3.5059453358738244,-0.023721802077600884,0.06045328463890032
Mystery + Sci-Fi,Mystery,Sci-Fi,135,254633,3.639673569411663,4.0,0.9911276774283321,3.663508921312903,3.4367726714455005,-0.023835351901240198,0.08953277303246132
Comedy + Thriller,Comedy,Thriller,384,593675,3.4822571272160694,3.5,1.0775231604048479,3.4260113054324886,3.50711121809216,-0.024854090876090584,0.015695865453745128
Animation + Romance,Animation,Romance,69,193608,3.591780814842362,4.0,1.001772256972734,3.6174939235897994,3.541802581902903,-0.025713108747437374,0.01213256209601088
Adventure + Western,Adventure,Western,101,146963,3.5435177561699205,3.5,1.0107424798494524,3.5018926565473865,3.5704980246109406,-0.026980268441020083,0.007322415590757192
Adventure + Sci-Fi,Adventure,Sci-Fi,379,1403003,3.4732441769547178,3.5,1.0610698835557724,3.5018926565473865,3.4367726714455005,-0.028648479592668696,0.003911512958274521
Comedy + Romance,Comedy,Romance,1854,2143404,3.5124194972109786,3.5,1.025808655842616,3.4260113054324886,3.541802581902903,-0.0293830846919243,0.02851255354328286
Animation + Sci-Fi,Animation,Sci-Fi,155,131047,3.587533480354377,4.0,1.045667565350549,3.6174939235897994,3.4367726714455005,-0.029960443235422574,0.0604001828367271
Adventure + Comedy,Adventure,Comedy,594,1381088,3.4662794840010194,3.5,1.0537170866958836,3.5018926565473865,3.4260113054324886,-0.03561317254636709,0.002327503011081866
Adventure + Children,Adventure,Children,445,878272,3.4662456505501713,3.5,1.0558155950465204,3.5018926565473865,3.4081137685270444,-0.03564700599721515,0.01124243801295588
Comedy + Fantasy,Comedy,Fantasy,471,1008206,3.470016048307588,3.5,1.05845163360608,3.4260113054324886,3.5059453358738244,-0.03592928756623648,0.0040377276544316665
Musical + Romance,Musical,Romance,319,278861,3.5197912221501033,3.5,1.0857273874478115,3.558090628821412,3.541802581902903,-0.03829940667130849,-0.0301553832120538
Sci-Fi + Thriller,Sci-Fi,Thriller,456,1220209,3.4684119687692845,3.5,1.0515382871151504,3.4367726714455005,3.50711121809216,-0.038699249322875495,-0.0035299759995459645
Action + IMAX,Action,IMAX,101,271062,3.6171558536423403,4.0,1.0058263428227072,3.44386376493354,3.655945983272606,-0.038790129630265735,0.06725097953926706
Action + Adventure,Action,Adventure,957,2457533,3.4609539322564538,3.5,1.0563000074487343,3.44386376493354,3.5018926565473865,-0.040938724290932704,-0.011924278484009232
Documentary + Musical,Documentary,Musical,97,13248,3.6967089371980677,4.0,1.029565085774567,3.7397176834178865,3.558090628821412,-0.04300874621981876,0.04780478107841857
Drama + Romance,Drama,Romance,2509,2092519,3.6299679955116297,4.0,1.01134878724095,3.6742955093068264,3.541802581902903,-0.044327513795196616,0.02191894990676513
Adventure + IMAX,Adventure,IMAX,89,304898,3.608969229053651,4.0,0.9828518218167253,3.5018926565473865,3.655945983272606,-0.0469767542189552,0.030049909143654574
Children + Comedy,Children,Comedy,518,910990,3.378439938967497,3.5,1.0987517709031762,3.4081137685270444,3.4260113054324886,-0.047571366464991716,-0.03862259801226964
Children + Fantasy,Children,Fantasy,308,716865,3.4582982848932504,3.5,1.063504784458399,3.4081137685270444,3.5059453358738244,-0.04764705098057398,0.0012687326928162435
Children + Romance,Children,Romance,69,205366,3.4907263130216295,3.5,1.04945999950983,3.4081137685270444,3.541802581902903,-0.05107626888127337,0.01576813780665587
Action + Drama,Action,Drama,1177,1384011,3.6173220444057166,4.0,1.017676848465732,3.44386376493354,3.6742955093068264,-0.05697346490110977,0.05824240728553365
Animation + Musical,Animation,Musical,111,391939,3.557503846261791,4.0,1.0074327133486558,3.6174939235897994,3.558090628821412,-0.05999007732800843,-0.03028842994381442
Drama + Film-Noir,Drama,Film-Noir,229,79643,3.9000163228406763,4.0,0.9122827067625952,3.6742955093068264,3.96538126070082,-0.06536493786014352,0.08017793783685301
Crime + Romance,Crime,Romance,237,151250,3.6072462809917356,4.0,0.9755856383769702,3.6745276025631113,3.541802581902903,-0.06728132157137567,-0.0009188112412714666
Documentary + Drama,Documentary,Drama,115,18800,3.669468085106383,4.0,0.910325034672261,3.7397176834178865,3.6742955093068264,-0.07024959831150346,-0.03753851125597363
Drama + Sci-Fi,Drama,Sci-Fi,348,658213,3.6020277630493474,4.0,1.0094783973610995,3.6742955093068264,3.4367726714455005,-0.072267746257479,0.04649367267318416
Action + Thriller,Action,Thriller,1100,2567302,3.4285974147178635,3.5,1.0232540476157024,3.44386376493354,3.50711121809216,-0.07851380337429648,-0.04689007679498669
Drama + Thriller,Drama,Thriller,1842,1992172,3.593350373361336,4.0,0.9924064648435557,3.6742955093068264,3.50711121809216,-0.08094513594549024,0.0026470096618429473
Romance + Thriller,Romance,Thriller,258,445303,3.4534418137762377,3.5,1.0395689576833251,3.541802581902903,3.50711121809216,-0.08836076812666516,-0.07101508622129371
Action + Romance,Action,Romance,262,488638,3.446410225975057,3.5,1.0435354537329709,3.44386376493354,3.541802581902903,-0.09539235592784578,-0.04642294744316411
Action + Horror,Action,Horror,268,310863,3.3457149934215393,3.5,1.0987483523144024,3.44386376493354,3.2772238097518307,-0.09814877151200063,-0.014828793921145778
Adventure + Thriller,Adventure,Thriller,300,1021840,3.4035191419400297,3.5,1.006335212174271,3.5018926565473865,3.50711121809216,-0.10359207615213029,-0.10098279537974353
Children + Sci-Fi,Children,Sci-Fi,77,145102,3.3201437609405797,3.5,1.141913853592975,3.4081137685270444,3.4367726714455005,-0.11662891050492075,-0.10229945904569249
Adventure + War,Adventure,War,166,140701,3.6895437843369985,4.0,0.9804324242704773,3.5018926565473865,3.8095307347384844,-0.11998695040148588,0.03383208869406307
Drama + Musical,Drama,Musical,328,261335,3.5482426770237434,4.0,1.0567671616646233,3.6742955093068264,3.558090628821412,-0.12605283228308295,-0.06795039204037545
Action + War,Action,War,295,420177,3.6806845686460705,4.0,1.0214626906801725,3.44386376493354,3.8095307347384844,-0.12884616609241384,0.05398731881005814
IMAX + Sci-Fi,IMAX,Sci-Fi,63,188214,3.5233988970002232,3.5,1.0220753380347236,3.655945983272606,3.4367726714455005,-0.13254708627238276,-0.02296043035883022
Comedy + Crime,Comedy,Crime,679,936634,3.5419635631420596,4.0,1.0622940084549763,3.4260113054324886,3.6745276025631113,-0.13256403942105166,-0.008305890855740294
Action + Mystery,Action,Mystery,137,298615,3.5294241749409774,3.5,0.9827194013782328,3.44386376493354,3.663508921312903,-0.1340847463719257,-0.024262168182243915
Comedy + Sci-Fi,Comedy,Sci-Fi,313,582044,3.2945876944011108,3.5,1.0900629068182452,3.4260113054324886,3.4367726714455005,-0.1421849770443897,-0.13680429403788352
Children + Drama,Children,Drama,212,330138,3.528695575789518,4.0,1.0539028979079106,3.4081137685270444,3.6742955093068264,-0.14559993351730816,-0.012509063127417175
Action + Fantasy,Action,Fantasy,320,513775,3.3582531263685467,3.5,1.1227719325016285,3.44386376493354,3.5059453358738244,-0.14769220950527773,-0.11665142403513551
Action + Comedy,Action,Comedy,711,1096024,3.292683371896966,3.5,1.0585170800302588,3.44386376493354,3.4260113054324886,-0.15118039303657405,-0.14225416328604812
Romance + Sci-Fi,Romance,Sci-Fi,97,136745,3.3889173278730484,3.5,1.1094163659517242,3.541802581902903,3.4367726714455005,-0.15288525402985442,-0.100370298801153
Thriller + War,Thriller,War,99,91200,3.649786184210526,4.0,0.9246677381029075,3.50711121809216,3.8095307347384844,-0.15974455052795822,-0.008534792204796027
Horror + Sci-Fi,Horror,Sci-Fi,448,376750,3.272313205043132,3.5,1.1245107331758504,3.2772238097518307,3.4367726714455005,-0.16445946640236864,-0.08468503555553353
Fantasy + Horror,Fantasy,Horror,187,167227,3.3255485059230865,3.5,1.0550538687747626,3.5059453358738244,3.2772238097518307,-0.1803968299507379,-0.06603606688974084
Action + Crime,Action,Crime,759,1250614,3.478627298271089,3.5,1.0132326084527872,3.44386376493354,3.6745276025631113,-0.1959003042920222,-0.08056838547723633
Horror + Romance,Horror,Romance,72,42461,3.3441628788770874,3.5,1.0161939575854166,3.2772238097518307,3.541802581902903,-0.19763970302581546,-0.06535031695027937
Comedy + Documentary,Comedy,Documentary,122,31480,3.539517153748412,4.0,1.0404833336217445,3.4260113054324886,3.7397176834178865,-0.20020052966947466,-0.043347340676775925
Fantasy + Mystery,Fantasy,Mystery,118,121805,3.4615533024095893,3.5,1.0151756211521914,3.5059453358738244,3.663508921312903,-0.20195561890331382,-0.12317382618377426
Crime + Sci-Fi,Crime,Sci-Fi,51,148835,3.4668491954177445,3.5,1.0761966806261682,3.6745276025631113,3.4367726714455005,-0.20767840714536678,-0.08880094158656116
Adventure + Mystery,Adventure,Mystery,75,142936,3.4511214809425197,3.5,1.0384087114864198,3.5018926565473865,3.663508921312903,-0.21238744037038337,-0.13157930798762507
Fantasy + Thriller,Fantasy,Thriller,128,201303,3.2801796297124235,3.5,1.073176511846232,3.5059453358738244,3.50711121809216,-0.22693158837973648,-0.22634864727056891
Drama + Horror,Drama,Horror,448,290547,3.4369637270389988,3.5,1.0494049344493817,3.6742955093068264,3.2772238097518307,-0.23733178226782758,-0.038795932490329754
Comedy + Mystery,Comedy,Mystery,225,142937,3.41104822404276,3.5,1.0675906362651173,3.4260113054324886,3.663508921312903,-0.2524606972701431,-0.13371188932993583
Adventure + Crime,Adventure,Crime,141,191810,3.41994682237631,3.5,1.0383548586405102,3.5018926565473865,3.6745276025631113,-0.2545807801868012,-0.16826330717893878
Comedy + Horror,Comedy,Horror,392,271584,3.157546099917521,3.0,1.130135614806982,3.4260113054324886,3.2772238097518307,-0.26846520551496766,-0.19407145767463874
Horror + Thriller,Horror,Thriller,1065,768690,3.234612132329027,3.5,1.1202962259182883,3.2772238097518307,3.50711121809216,-0.27249908576313286,-0.15755538159296822
Horror + Mystery,Horror,Mystery,388,268025,3.3640518608338774,3.5,1.0915936279839231,3.2772238097518307,3.663508921312903,-0.29945706047902565,-0.10631450469848946
Fantasy + Sci-Fi,Fantasy,Sci-Fi,187,174182,3.1863280936032425,3.0,1.1357670903079018,3.5059453358738244,3.4367726714455005,-0.31961724227058186,-0.2850309100564199
Action + Children,Action,Children,102,110491,3.1111900516784172,3.0,1.2059403028089173,3.44386376493354,3.4081137685270444,-0.33267371325512274,-0.31479871505187473
Comedy + Western,Comedy,Western,134,114629,3.175767039754338,3.0,1.0471620516334477,3.4260113054324886,3.5704980246109406,-0.3947309848566025,-0.3224876252673763

